{"cameraMode":{"drawMode":0,"name":"Shaded","section":"Shading Mode"},"sceneLighting":false,"audioPlay":false,"sceneViewState":{"m_AlwaysRefresh":false,"showFog":true,"showSkybox":false,"showFlares":true,"showImageEffects":true,"showParticleSystems":true,"showVisualEffectGraphs":true,"m_FxEnabled":true},"in2DMode":false,"pivot":{"x":-46.467689514160159,"y":-18.95127296447754,"z":-60.058189392089847},"rotation":{"x":0.41291239857673647,"y":-0.01312823873013258,"z":0.9106522798538208,"w":0.0059039173647761349},"size":4.671117782592773,"orthographic":false}