{"cameraMode":{"drawMode":0,"name":"Shaded","section":"Shading Mode"},"sceneLighting":false,"audioPlay":false,"sceneViewState":{"m_AlwaysRefresh":false,"showFog":false,"showSkybox":false,"showFlares":false,"showImageEffects":false,"showParticleSystems":false,"showVisualEffectGraphs":true,"m_FxEnabled":true},"in2DMode":false,"pivot":{"x":2.4586915969848635e-7,"y":0.05439770966768265,"z":-0.006104186177253723},"rotation":{"x":-0.2841992676258087,"y":0.029329344630241395,"z":-0.0086984159424901,"w":-0.95827716588974},"size":0.07420817762613297,"orthographic":false}