{"cameraMode":{"drawMode":0,"name":"Shaded","section":"Shading Mode"},"sceneLighting":true,"audioPlay":false,"sceneViewState":{"m_AlwaysRefresh":false,"showFog":true,"showSkybox":true,"showFlares":true,"showImageEffects":true,"showParticleSystems":true,"showVisualEffectGraphs":true,"m_FxEnabled":true},"in2DMode":false,"pivot":{"x":749.7139892578125,"y":244.812744140625,"z":385.1700439453125},"rotation":{"x":0.06222691759467125,"y":0.11888502538204193,"z":-0.007509501185268164,"w":0.9909606575965881},"size":1078.9935302734375,"orthographic":false}