{"cameraMode":{"drawMode":0,"name":"Shaded","section":"Shading Mode"},"sceneLighting":false,"audioPlay":false,"sceneViewState":{"m_AlwaysRefresh":false,"showFog":false,"showSkybox":false,"showFlares":false,"showImageEffects":false,"showParticleSystems":false,"showVisualEffectGraphs":true,"m_FxEnabled":true},"in2DMode":false,"pivot":{"x":2.4586915969848635e-7,"y":0.05439770966768265,"z":-0.006104186177253723},"rotation":{"x":-0.006074121221899986,"y":-0.9883228540420532,"z":0.14665226638317109,"w":-0.0409330390393734},"size":0.1055314838886261,"orthographic":false}