{"cameraMode":{"drawMode":0,"name":"Shaded","section":"Shading Mode"},"sceneLighting":false,"audioPlay":false,"sceneViewState":{"m_AlwaysRefresh":false,"showFog":false,"showSkybox":false,"showFlares":false,"showImageEffects":false,"showParticleSystems":false,"showVisualEffectGraphs":true,"m_FxEnabled":true},"in2DMode":false,"pivot":{"x":0.009616320952773095,"y":0.138121098279953,"z":0.061402253806591037},"rotation":{"x":-0.0011735210428014398,"y":-0.998815655708313,"z":0.03178299590945244,"w":-0.03686605766415596},"size":0.11525493115186691,"orthographic":false}